{"is_source_file": true, "format": "JavaScript (JSX)", "description": "This file is the entry point for a React application, responsible for rendering the main App component into the DOM.", "external_files": ["./index.css", "./App"], "external_methods": ["ReactDOM.createRoot", "ReactDOM.createRoot().render"], "published": [], "classes": [], "methods": [{"name": "ReactDOM.createRoot", "description": "Creates a root React node for rendering the application."}, {"name": "ReactDOM.createRoot().render", "description": "Renders React elements into the DOM node."}], "calls": ["ReactDOM.createRoot", "ReactDOM.createRoot().render", "document.getElementById"], "search-terms": ["index.js", "React", "ReactDOM", "root.render", "main entry point", "render React app"], "state": 2, "file_id": 9, "knowledge_revision": 24, "git_revision": "7b6bef92ca43057bec491ddcffdcf98a30f30e36", "ctags": [{"_type": "tag", "name": "root", "path": "/home/kavia/workspace/code-generation/simple-to-do-list-202636-202645/todo_frontend/src/index.js", "pattern": "/^const root = ReactDOM.createRoot(document.getElementById('root'));$/", "language": "JavaScript", "kind": "constant"}], "hash": "9fc5841375336fc175b49f8767a11383", "format-version": 4, "code-base-name": "todo_frontend", "filename": "todo_frontend/src/index.js", "revision_history": [{"24": "7b6bef92ca43057bec491ddcffdcf98a30f30e36"}]}