{"is_source_file": false, "format": "", "description": "", "external_files": [], "external_methods": [], "published": [], "classes": [], "methods": [], "calls": [], "search-terms": [], "state": 2, "file_id": 1, "knowledge_revision": 13, "git_revision": "7b6bef92ca43057bec491ddcffdcf98a30f30e36", "hash": "be6538e7523bc2e9da0743133d784136", "format-version": 4, "code-base-name": "todo_frontend", "filename": "todo_frontend/eslint.config.mjs", "revision_history": [{"13": "7b6bef92ca43057bec491ddcffdcf98a30f30e36"}]}