{"is_source_file": true, "format": "JavaScript", "description": "This file sets up Jest testing environment with custom DOM matchers provided by '@testing-library/jest-dom'.", "external_files": ["@testing-library/jest-dom"], "external_methods": ["expect", "toHaveTextContent"], "published": [], "classes": [], "methods": [{"name": "expect", "description": "A global function used for assertions in testing."}, {"name": "toHaveTextContent", "description": "A matcher from '@testing-library/jest-dom' for asserting on DOM node's text content."}], "calls": ["import '@testing-library/jest-dom'"], "search-terms": ["setupTests.js", "jest-dom", "testing-library", "jest", "custom matchers"], "state": 2, "file_id": 10, "knowledge_revision": 23, "git_revision": "7b6bef92ca43057bec491ddcffdcf98a30f30e36", "ctags": [], "hash": "1a77571e1a8cf36018a41bcedf60db75", "format-version": 4, "code-base-name": "todo_frontend", "filename": "todo_frontend/src/setupTests.js", "revision_history": [{"23": "7b6bef92ca43057bec491ddcffdcf98a30f30e36"}]}